"Part Number","Type","Status","Mounting Type","Capacitance","Voltage","Low Frequency Ripple Current","High Frequency Ripple Current","ESR @ 20°C/100kHz","Leakage Current","Temperature Range","Size","Life/Endurance","Vibration Resistant","AEC-Q200 Compliant","Packaging Type"
"UES1E101MPM","Aluminium","Mass Production","Radial Lead","100 µF","25 V","","","","75 µA","-40℃~85℃ °C","φ10x16L mm","1000 Lo","","","Bulk(No Terminal Forming) / Bag Packing"
"UES0J102MHM","Aluminium","End Of Life","Radial Lead","1 mF","6.3 V","","","","189 µA","-40℃~85℃ °C","φ12.5x25L mm","1000 Lo","","","Bulk(No Terminal Forming) / Bag Packing"
"UES1C331MHM","Aluminium","Mass Production","Radial Lead","330 µF","16 V","","","","158.4 µA","-40℃~85℃ °C","φ12.5x20L mm","1000 Lo","","","Bulk(No Terminal Forming) / Bag Packing"
"UES1V330MPM","Aluminium","Mass Production","Radial Lead","33 µF","35 V","","","","34.65 µA","-40℃~85℃ °C","φ10x12.5L mm","1000 Lo","","","Bulk(No Terminal Forming) / Bag Packing"
"UES0J470MEM","Aluminium","End Of Life","Radial Lead","47 µF","6.3 V","","","","8.883 µA","-40℃~85℃ °C","φ6.3x11L mm","1000 Lo","","","Bulk(No Terminal Forming) / Bag Packing"
"UES0J471MPM","Aluminium","End Of Life","Radial Lead","470 µF","6.3 V","","","","88.83 µA","-40℃~85℃ °C","φ10x20L mm","1000 Lo","","","Bulk(No Terminal Forming) / Bag Packing"
"UES1C100MDM","Aluminium","End Of Life","Radial Lead","10 µF","16 V","","","","4.8 µA","-40℃~85℃ °C","φ5x11L mm","1000 Lo","","","Bulk(No Terminal Forming) / Bag Packing"
"UES1H4R7MEM","Aluminium","End Of Life","Radial Lead","4.7 µF","50 V","","","","7.05 µA","-40℃~85℃ °C","φ6.3x11L mm","1000 Lo","","","Bulk(No Terminal Forming) / Bag Packing"
"UES1C471MHM","Aluminium","Mass Production","Radial Lead","470 µF","16 V","","","","225.6 µA","-40℃~85℃ °C","φ12.5x25L mm","1000 Lo","","","Bulk(No Terminal Forming) / Bag Packing"
"UES1E330MPM","Aluminium","Mass Production","Radial Lead","33 µF","25 V","","","","24.75 µA","-40℃~85℃ °C","φ8x11.5L mm","1000 Lo","","","Bulk(No Terminal Forming) / Bag Packing"
"UES1H221MHM","Aluminium","Mass Production","Radial Lead","220 µF","50 V","","","","330 µA","-40℃~85℃ °C","φ16x25L mm","1000 Lo","","","Bulk(No Terminal Forming) / Bag Packing"
"UES1A330MEM","Aluminium","End Of Life","Radial Lead","33 µF","10 V","","","","9.9 µA","-40℃~85℃ °C","φ6.3x11L mm","1000 Lo","","","Bulk(No Terminal Forming) / Bag Packing"
"UES1C221MPM","Aluminium","Mass Production","Radial Lead","220 µF","16 V","","","","105.6 µA","-40℃~85℃ °C","φ10x20L mm","1000 Lo","","","Bulk(No Terminal Forming) / Bag Packing"
"UES1E221MHM","Aluminium","Mass Production","Radial Lead","220 µF","25 V","","","","165 µA","-40℃~85℃ °C","φ12.5x25L mm","1000 Lo","","","Bulk(No Terminal Forming) / Bag Packing"
"UES1E471MHM","Aluminium","Mass Production","Radial Lead","470 µF","25 V","","","","352.5 µA","-40℃~85℃ °C","φ16x25L mm","1000 Lo","","","Bulk(No Terminal Forming) / Bag Packing"
"UES1V220MPM","Aluminium","Mass Production","Radial Lead","22 µF","35 V","","","","23.1 µA","-40℃~85℃ °C","φ8x11.5L mm","1000 Lo","","","Bulk(No Terminal Forming) / Bag Packing"
"UES1H101MHM","Aluminium","Mass Production","Radial Lead","100 µF","50 V","","","","150 µA","-40℃~85℃ °C","φ12.5x25L mm","1000 Lo","","","Bulk(No Terminal Forming) / Bag Packing"
"UES1H331MHM","Aluminium","Mass Production","Radial Lead","330 µF","50 V","","","","495 µA","-40℃~85℃ °C","φ16x30.5L mm","1000 Lo","","","Bulk(No Terminal Forming) / Bag Packing"
"UES1E220MEM","Aluminium","End Of Life","Radial Lead","22 µF","25 V","","","","16.5 µA","-40℃~85℃ °C","φ6.3x11L mm","1000 Lo","","","Bulk(No Terminal Forming) / Bag Packing"
"UES1V4R7MDM","Aluminium","End Of Life","Radial Lead","4.7 µF","35 V","","","","4.935 µA","-40℃~85℃ °C","φ5x11L mm","1000 Lo","","","Bulk(No Terminal Forming) / Bag Packing"
"UES1V101MPM","Aluminium","Mass Production","Radial Lead","100 µF","35 V","","","","105 µA","-40℃~85℃ °C","φ10x20L mm","1000 Lo","","","Bulk(No Terminal Forming) / Bag Packing"
"UES1V471MHM","Aluminium","Mass Production","Radial Lead","470 µF","35 V","","","","493.5 µA","-40℃~85℃ °C","φ16x25L mm","1000 Lo","","","Bulk(No Terminal Forming) / Bag Packing"
"UES0J330MDM","Aluminium","End Of Life","Radial Lead","33 µF","6.3 V","","","","6.237 µA","-40℃~85℃ °C","φ5x11L mm","1000 Lo","","","Bulk(No Terminal Forming) / Bag Packing"
"UES1A101MPM","Aluminium","End Of Life","Radial Lead","100 µF","10 V","","","","30 µA","-40℃~85℃ °C","φ10x12.5L mm","1000 Lo","","","Bulk(No Terminal Forming) / Bag Packing"
"UES1A471MHM","Aluminium","End Of Life","Radial Lead","470 µF","10 V","","","","141 µA","-40℃~85℃ °C","φ12.5x20L mm","1000 Lo","","","Bulk(No Terminal Forming) / Bag Packing"
"UES1C330MEM","Aluminium","End Of Life","Radial Lead","33 µF","16 V","","","","15.84 µA","-40℃~85℃ °C","φ6.3x11L mm","1000 Lo","","","Bulk(No Terminal Forming) / Bag Packing"
"UES1E100MDM","Aluminium","End Of Life","Radial Lead","10 µF","25 V","","","","7.5 µA","-40℃~85℃ °C","φ5x11L mm","1000 Lo","","","Bulk(No Terminal Forming) / Bag Packing"
"UES1V100MEM","Aluminium","End Of Life","Radial Lead","10 µF","35 V","","","","10.5 µA","-40℃~85℃ °C","φ6.3x11L mm","1000 Lo","","","Bulk(No Terminal Forming) / Bag Packing"
"UES1H010MDM","Aluminium","End Of Life","Radial Lead","1 µF","50 V","","","","3 µA","-40℃~85℃ °C","φ5x11L mm","1000 Lo","","","Bulk(No Terminal Forming) / Bag Packing"
"UES1V221MHM","Aluminium","Mass Production","Radial Lead","220 µF","35 V","","","","231 µA","-40℃~85℃ °C","φ12.5x25L mm","1000 Lo","","","Bulk(No Terminal Forming) / Bag Packing"
"UES1V331MHM","Aluminium","Mass Production","Radial Lead","330 µF","35 V","","","","346.5 µA","-40℃~85℃ °C","φ16x25L mm","1000 Lo","","","Bulk(No Terminal Forming) / Bag Packing"
"UES1H220MPM","Aluminium","Mass Production","Radial Lead","22 µF","50 V","","","","33 µA","-40℃~85℃ °C","φ10x12.5L mm","1000 Lo","","","Bulk(No Terminal Forming) / Bag Packing"
"UES0J101MPM","Aluminium","End Of Life","Radial Lead","100 µF","6.3 V","","","","18.9 µA","-40℃~85℃ °C","φ8x11.5L mm","1000 Lo","","","Bulk(No Terminal Forming) / Bag Packing"
"UES0J331MPM","Aluminium","End Of Life","Radial Lead","330 µF","6.3 V","","","","62.37 µA","-40℃~85℃ °C","φ10x16L mm","1000 Lo","","","Bulk(No Terminal Forming) / Bag Packing"
"UES1A221MPM","Aluminium","End Of Life","Radial Lead","220 µF","10 V","","","","66 µA","-40℃~85℃ °C","φ10x16L mm","1000 Lo","","","Bulk(No Terminal Forming) / Bag Packing"
"UES1A331MPM","Aluminium","End Of Life","Radial Lead","330 µF","10 V","","","","99 µA","-40℃~85℃ °C","φ10x20L mm","1000 Lo","","","Bulk(No Terminal Forming) / Bag Packing"
"UES1C220MEM","Aluminium","End Of Life","Radial Lead","22 µF","16 V","","","","10.56 µA","-40℃~85℃ °C","φ6.3x11L mm","1000 Lo","","","Bulk(No Terminal Forming) / Bag Packing"
"UES1H2R2MDM","Aluminium","End Of Life","Radial Lead","2.2 µF","50 V","","","","3.3 µA","-40℃~85℃ °C","φ5x11L mm","1000 Lo","","","Bulk(No Terminal Forming) / Bag Packing"
"UES1C102MHM","Aluminium","Mass Production","Radial Lead","1 mF","16 V","","","","480 µA","-40℃~85℃ °C","φ16x25L mm","1000 Lo","","","Bulk(No Terminal Forming) / Bag Packing"
"UES1E331MHM","Aluminium","Mass Production","Radial Lead","330 µF","25 V","","","","247.5 µA","-40℃~85℃ °C","φ12.5x25L mm","1000 Lo","","","Bulk(No Terminal Forming) / Bag Packing"
"UES1H470MPM","Aluminium","Mass Production","Radial Lead","47 µF","50 V","","","","70.5 µA","-40℃~85℃ °C","φ10x20L mm","1000 Lo","","","Bulk(No Terminal Forming) / Bag Packing"
"UES1C470MPM","Aluminium","Mass Production","Radial Lead","47 µF","16 V","","","","22.56 µA","-40℃~85℃ °C","φ8x11.5L mm","1000 Lo","","","Bulk(No Terminal Forming) / Bag Packing"
"UES1E470MPM","Aluminium","Mass Production","Radial Lead","47 µF","25 V","","","","35.25 µA","-40℃~85℃ °C","φ10x12.5L mm","1000 Lo","","","Bulk(No Terminal Forming) / Bag Packing"
"UES1E102MHM","Aluminium","Mass Production","Radial Lead","1 mF","25 V","","","","750 µA","-40℃~85℃ °C","φ16x30.5L mm","1000 Lo","","","Bulk(No Terminal Forming) / Bag Packing"
"UES1H100MPM","Aluminium","Mass Production","Radial Lead","10 µF","50 V","","","","15 µA","-40℃~85℃ °C","φ8x11.5L mm","1000 Lo","","","Bulk(No Terminal Forming) / Bag Packing"
"UES1A102MHM","Aluminium","End Of Life","Radial Lead","1 mF","10 V","","","","300 µA","-40℃~85℃ °C","φ16x25L mm","1000 Lo","","","Bulk(No Terminal Forming) / Bag Packing"
"UES1E4R7MDM","Aluminium","End Of Life","Radial Lead","4.7 µF","25 V","","","","3.525 µA","-40℃~85℃ °C","φ5x11L mm","1000 Lo","","","Bulk(No Terminal Forming) / Bag Packing"
"UES1H3R3MDM","Aluminium","End Of Life","Radial Lead","3.3 µF","50 V","","","","4.95 µA","-40℃~85℃ °C","φ5x11L mm","1000 Lo","","","Bulk(No Terminal Forming) / Bag Packing"
"UES1V470MPM","Aluminium","Mass Production","Radial Lead","47 µF","35 V","","","","49.35 µA","-40℃~85℃ °C","φ10x12.5L mm","1000 Lo","","","Bulk(No Terminal Forming) / Bag Packing"
"UES0J221MPM","Aluminium","End Of Life","Radial Lead","220 µF","6.3 V","","","","41.58 µA","-40℃~85℃ °C","φ10x12.5L mm","1000 Lo","","","Bulk(No Terminal Forming) / Bag Packing"
"UES1C101MPM","Aluminium","Mass Production","Radial Lead","100 µF","16 V","","","","48 µA","-40℃~85℃ °C","φ10x12.5L mm","1000 Lo","","","Bulk(No Terminal Forming) / Bag Packing"
"UES1H330MPM","Aluminium","Mass Production","Radial Lead","33 µF","50 V","","","","49.5 µA","-40℃~85℃ °C","φ10x16L mm","1000 Lo","","","Bulk(No Terminal Forming) / Bag Packing"
"UES1A220MDM","Aluminium","End Of Life","Radial Lead","22 µF","10 V","","","","6.6 µA","-40℃~85℃ °C","φ5x11L mm","1000 Lo","","","Bulk(No Terminal Forming) / Bag Packing"
"UES1A470MEM","Aluminium","End Of Life","Radial Lead","47 µF","10 V","","","","14.1 µA","-40℃~85℃ °C","φ6.3x11L mm","1000 Lo","","","Bulk(No Terminal Forming) / Bag Packing"
